{
  "mean": 6.607142445618446e-05,
  "median": 1.9127593066770032e-05,
  "std_dev": 0.0005005123023963732
}