{
  "gpt-4o-mini": {
    "hamming_loss": 0.011851851851851851,
    "precision_micro": 1.0,
    "recall_micro": 0.84,
    "f1_micro": 0.9130434782608695,
    "precision_macro": 0.9259259259259259,
    "recall_macro": 0.8302469135802468,
    "f1_macro": 0.8638447971781305
  },
  "gpt-4o-2024-08-06": {
    "hamming_loss": 0.011851851851851851,
    "precision_micro": 1.0,
    "recall_micro": 0.84,
    "f1_micro": 0.9130434782608695,
    "precision_macro": 0.9259259259259259,
    "recall_macro": 0.8302469135802468,
    "f1_macro": 0.8638447971781305
  }
}