{
  "mean": 0.4470967741935484,
  "median": 0.5,
  "std_dev": 0.41267415488059067
}